commit,date,status,path,phase,change_type
0972d0b833de58d09a45924c0378cfd2e01e533b,2026-05-26T08:49:43-04:00,M,pi/extensions/workflow-commands.ts,workflow,source-history
7b3f3f63e615599860c2581c60db2687ce1e9c9e,2026-05-26T00:30:48-04:00,M,pi/skills/workflow/commit.md,workflow,source-history
ba0892c5ca0b01a891ac8112fdd932afd9dd7a03,2026-05-24T14:40:56-04:00,M,pi/extensions/workflow-commands.ts,workflow,source-history
ca45429e4d227a3d4f37ae46ec0f7fc2ffc5490a,2026-05-23T18:39:27-04:00,M,pi/skills/workflow/commit.md,workflow,source-history
3818cacdb300de963fde882e4f379f802910d10f,2026-05-21T15:41:24-04:00,M,pi/skills/workflow/commit.md,workflow,source-history
d6e0e589a2b5ba400fc33dab7e2e466602b1ce8d,2026-05-21T15:11:56-04:00,M,pi/skills/workflow/commit.md,workflow,source-history
a7a4624fc0a251be59f798ed76664120a727edf1,2026-05-21T14:59:58-04:00,M,pi/extensions/workflow-commands.ts,workflow,source-history
a7a4624fc0a251be59f798ed76664120a727edf1,2026-05-21T14:59:58-04:00,M,pi/skills/workflow/commit.md,workflow,source-history
c83c48e02f15bdc80d7e1c9f957f16599cd51cf2,2026-05-21T19:50:34+01:00,M,pi/extensions/workflow-commands.ts,workflow,source-history
aa3714e73e30c4d7fdd4813774b3af66113325f4,2026-05-21T16:45:03+01:00,M,pi/skills/workflow/review-it.md,workflow,source-history
a21ceac4249c946c8846c0dae9cd356f57eabaec,2026-05-21T15:46:41+01:00,M,pi/extensions/workflow-commands.ts,workflow,source-history
d55c5405b5c013d318bb597ca91545b45f1e6f27,2026-05-20T00:26:28+01:00,M,pi/extensions/workflow-commands.ts,workflow,source-history
60046a06046d0e2b37f9be2224f6c9735492efa6,2026-05-19T03:15:55+01:00,M,pi/skills/workflow/plan-it.md,workflow,source-history
60046a06046d0e2b37f9be2224f6c9735492efa6,2026-05-19T03:15:55+01:00,M,pi/skills/workflow/templates/plan-template.md,workflow,source-history
ecd7a6d1a7b30f152c9faca2cdd5cc71226a86e1,2026-05-16T03:29:15+01:00,A,pi/skills/workflow-design/SKILL.md,workflow,source-history
a50f1a1034a0d65dd1a5e832b3e3609245588657,2026-05-14T23:11:46-04:00,M,pi/extensions/workflow-commands.ts,workflow,source-history
cd47be7bd3431b4ca7ae0493227ec282728ea00d,2026-05-14T11:55:16-04:00,M,pi/extensions/workflow-commands.ts,workflow,source-history
6f5f40cbc2b3230f4c78216b58d3b69736517f47,2026-05-13T17:55:16+01:00,M,pi/extensions/workflow-commands.ts,workflow,source-history
338a05c8857b067b6a74b12e1a0ae246daead741,2026-05-11T18:07:49-04:00,M,pi/skills/workflow/review-it.md,workflow,source-history
296c1162a9b946cf0d6f0ca417d60e044aba7787,2026-05-11T18:51:09+01:00,M,pi/skills/workflow/do-it.md,workflow,source-history
296c1162a9b946cf0d6f0ca417d60e044aba7787,2026-05-11T18:51:09+01:00,M,pi/skills/workflow/plan-it.md,workflow,source-history
296c1162a9b946cf0d6f0ca417d60e044aba7787,2026-05-11T18:51:09+01:00,M,pi/skills/workflow/review-it.md,workflow,source-history
296c1162a9b946cf0d6f0ca417d60e044aba7787,2026-05-11T18:51:09+01:00,M,pi/skills/workflow/templates/do-it-report-template.md,workflow,source-history
296c1162a9b946cf0d6f0ca417d60e044aba7787,2026-05-11T18:51:09+01:00,M,pi/skills/workflow/templates/plan-template.md,workflow,source-history
792b1c768220ed3677da2196ac26e94207f57268,2026-05-10T23:45:27-04:00,A,pi/extensions/review-artifact.ts,workflow,source-history
792b1c768220ed3677da2196ac26e94207f57268,2026-05-10T23:45:27-04:00,M,pi/skills/workflow/review-it.md,workflow,source-history
792b1c768220ed3677da2196ac26e94207f57268,2026-05-10T23:45:27-04:00,M,pi/skills/workflow/templates/review-it-reviewer-prompts.md,workflow,source-history
83a3f213508eeac23a8cf20428c83a0b426487c6,2026-05-08T18:37:17-04:00,M,pi/extensions/workflow-commands.ts,workflow,source-history
a8359827f726cd3261924e9a1c41ec3eafb63a6e,2026-05-08T17:42:42-04:00,D,pi/skills/shared/analysis-workflow,workflow,source-history
a8359827f726cd3261924e9a1c41ec3eafb63a6e,2026-05-08T17:42:42-04:00,D,pi/skills/shared/claude-code-workflow,workflow,source-history
a8359827f726cd3261924e9a1c41ec3eafb63a6e,2026-05-08T17:42:42-04:00,D,pi/skills/shared/code-review,workflow,source-history
a8359827f726cd3261924e9a1c41ec3eafb63a6e,2026-05-08T17:42:42-04:00,D,pi/skills/shared/git-workflow,workflow,source-history
a8359827f726cd3261924e9a1c41ec3eafb63a6e,2026-05-08T17:42:42-04:00,D,pi/skills/shared/planning,workflow,source-history
a8359827f726cd3261924e9a1c41ec3eafb63a6e,2026-05-08T17:42:42-04:00,D,pi/skills/shared/ux-design-workflow,workflow,source-history
4f8a0c6b9f57bed7b8d9ae4a5133482699e45455,2026-05-08T16:23:28-04:00,M,pi/extensions/workflow-commands.ts,workflow,source-history
4ae88778350bfd2b1932f4d564a21265f7bdd07f,2026-05-08T18:55:21+01:00,M,pi/extensions/workflow-commands.ts,workflow,source-history
4d0519c57302d17726d614f77fac7177790df761,2026-05-08T13:30:10-04:00,M,pi/extensions/workflow-commands.ts,workflow,source-history
716ddba3e651b32b8679fcb6ff90f2d9958d1a19,2026-05-08T17:58:06+01:00,M,pi/extensions/workflow-commands.ts,workflow,source-history
dcaa6da0b18017f700f5266c28d048d6fbe43ba3,2026-05-08T12:19:03-04:00,M,pi/extensions/workflow-commands.ts,workflow,source-history
d95e2cbe09c6867d0022ababaca0bd40215cf652,2026-05-08T09:16:36-04:00,M,pi/extensions/workflow-commands.ts,workflow,source-history
50b5e40caed0a05d35a30e1ff24ea1787857fa4c,2026-05-07T23:02:17-04:00,M,pi/extensions/workflow-commands.ts,workflow,source-history
12bc1c9b52ac727256f0e05a62cc01089d10bed9,2026-05-07T21:51:51-04:00,M,pi/extensions/workflow-commands.ts,workflow,source-history
d35790fe2a31a15837124760993d7dcda5b74139,2026-05-08T02:26:36+01:00,M,pi/extensions/workflow-commands.ts,workflow,source-history
b68c864263c86c4b9fd8f90ab70db7ac796a5ccb,2026-05-07T15:42:50-04:00,M,pi/extensions/workflow-commands.ts,workflow,source-history
eb60e1484beb00164437bcfb975c1a454c148921,2026-05-07T14:54:04-04:00,M,pi/skills/workflow/review-it.md,workflow,source-history
eb60e1484beb00164437bcfb975c1a454c148921,2026-05-07T14:54:04-04:00,M,pi/skills/workflow/templates/review-synthesis-template.md,workflow,source-history
6970e5fbfdce422a3a447dd39b4457b3ecb4ca9e,2026-05-07T00:35:08-04:00,M,pi/skills/workflow/review-it.md,workflow,source-history
6970e5fbfdce422a3a447dd39b4457b3ecb4ca9e,2026-05-07T00:35:08-04:00,M,pi/skills/workflow/templates/review-synthesis-template.md,workflow,source-history
9f3c69265fd0a9d6af442608307338db5f2df6fd,2026-05-06T18:05:51-04:00,M,pi/extensions/workflow-commands.ts,workflow,source-history
057a5de711dd677c92af5b6a7c48a3cd610b1434,2026-05-06T18:04:44-04:00,M,pi/skills/workflow/do-it.md,workflow,source-history
057a5de711dd677c92af5b6a7c48a3cd610b1434,2026-05-06T18:04:44-04:00,M,pi/skills/workflow/templates/do-it-report-template.md,workflow,source-history
20ab06ac6b72d1dda4ed0a44d2b9bd7776d48d66,2026-05-06T17:59:47-04:00,M,pi/skills/workflow/do-it.md,workflow,source-history
6406e28eca9ba7c468ba7302ad5fdb0eab047589,2026-05-06T17:50:45-04:00,M,pi/skills/workflow/do-it.md,workflow,source-history
6406e28eca9ba7c468ba7302ad5fdb0eab047589,2026-05-06T17:50:45-04:00,M,pi/skills/workflow/plan-it.md,workflow,source-history
6406e28eca9ba7c468ba7302ad5fdb0eab047589,2026-05-06T17:50:45-04:00,M,pi/skills/workflow/review-it.md,workflow,source-history
6406e28eca9ba7c468ba7302ad5fdb0eab047589,2026-05-06T17:50:45-04:00,M,pi/skills/workflow/templates/plan-template.md,workflow,source-history
971b75ab839cfe4153383ef15360ccb72454193f,2026-05-06T09:12:46-04:00,M,pi/skills/workflow/plan-it.md,workflow,source-history
971b75ab839cfe4153383ef15360ccb72454193f,2026-05-06T09:12:46-04:00,A,pi/skills/workflow/prd-it.md,workflow,source-history
971b75ab839cfe4153383ef15360ccb72454193f,2026-05-06T09:12:46-04:00,M,pi/skills/workflow/review-it.md,workflow,source-history
971b75ab839cfe4153383ef15360ccb72454193f,2026-05-06T09:12:46-04:00,A,pi/skills/workflow/templates/prd-template.md,workflow,source-history
b902a6978edf8fac4216ab0c8000b8f59c6b87e8,2026-05-05T11:13:21-04:00,M,pi/skills/workflow/review-it.md,workflow,source-history
b902a6978edf8fac4216ab0c8000b8f59c6b87e8,2026-05-05T11:13:21-04:00,M,pi/skills/workflow/templates/review-it-reviewer-prompts.md,workflow,source-history
b902a6978edf8fac4216ab0c8000b8f59c6b87e8,2026-05-05T11:13:21-04:00,M,pi/skills/workflow/templates/review-synthesis-template.md,workflow,source-history
f0d4648c116f2b561b9f0d6651862953564a998f,2026-05-05T11:13:20-04:00,M,pi/extensions/workflow-commands.ts,workflow,source-history
04a74dc2ea5b4f7ce6c2cdf675cd9f235fdcc0e3,2026-05-05T00:45:39-04:00,M,pi/extensions/workflow-commands.ts,workflow,source-history
b7896b3bdc37e0d48958d5bfebc81cb4fe16c782,2026-05-05T00:42:27-04:00,M,pi/extensions/workflow-commands.ts,workflow,source-history
6a037c48ab89fbc700e2f901869fa5d6b1cd636a,2026-05-05T00:39:52-04:00,M,pi/extensions/workflow-commands.ts,workflow,source-history
d5e9cbce6cedf6372ea938a436b255ad7e141e00,2026-05-05T00:34:54-04:00,M,pi/extensions/workflow-commands.ts,workflow,source-history
3018189b7ed3c2b249d1746bc1ba29f3ea3fff0b,2026-05-04T19:26:27-04:00,M,pi/extensions/workflow-commands.ts,workflow,source-history
8099aa957b0f7a1b5f2e60122b59cb8d28e7389f,2026-05-04T19:26:26-04:00,M,pi/skills/workflow/plan-it.md,workflow,source-history
f378617054418c2a5e0547e65cda102e355c6153,2026-05-04T18:16:47-04:00,A,pi/skills/pi-contributor-workflow/SKILL.md,workflow,source-history
02db22753dfebd8556835a3f270ca78d56191c86,2026-05-04T18:16:46-04:00,M,pi/extensions/workflow-commands.ts,workflow,source-history
5f3d6d8ae5ef3f32f4b28d2fd92685339fbb278a,2026-05-04T15:32:24-04:00,M,pi/extensions/workflow-commands.ts,workflow,source-history
e6ddb82678ec24abb7f90afcdd4a72b11fc3515d,2026-05-04T15:10:13-04:00,M,pi/extensions/workflow-commands.ts,workflow,source-history
8b8ba89eba050f41338d040b096118594a225c99,2026-05-04T13:27:46-04:00,M,pi/skills/workflow/plan-it.md,workflow,source-history
4dc81db1a290d9b2d7de5a2714ad7dc5af85b8bc,2026-05-04T13:27:14-04:00,M,pi/extensions/workflow-commands.ts,workflow,source-history
4dc81db1a290d9b2d7de5a2714ad7dc5af85b8bc,2026-05-04T13:27:14-04:00,M,pi/skills/workflow/do-it.md,workflow,source-history
4dc81db1a290d9b2d7de5a2714ad7dc5af85b8bc,2026-05-04T13:27:14-04:00,M,pi/skills/workflow/review-it.md,workflow,source-history
04e8fda171c89713bc743542c3e781f682ec8ff4,2026-05-04T12:31:03-04:00,M,pi/extensions/workflow-commands.ts,workflow,source-history
1641241f6318d3b4b1237efb68236504ada92c66,2026-05-04T12:27:13-04:00,A,pi/skills/analysis-workflow/SKILL.md,workflow,source-history
1641241f6318d3b4b1237efb68236504ada92c66,2026-05-04T12:27:13-04:00,A,pi/skills/analysis-workflow/adversarial.md,workflow,source-history
1641241f6318d3b4b1237efb68236504ada92c66,2026-05-04T12:27:13-04:00,A,pi/skills/analysis-workflow/debugging.md,workflow,source-history
1641241f6318d3b4b1237efb68236504ada92c66,2026-05-04T12:27:13-04:00,A,pi/skills/analysis-workflow/structured-analysis.md,workflow,source-history
1641241f6318d3b4b1237efb68236504ada92c66,2026-05-04T12:27:13-04:00,A,pi/skills/claude-code-workflow/SKILL.md,workflow,source-history
1641241f6318d3b4b1237efb68236504ada92c66,2026-05-04T12:27:13-04:00,A,pi/skills/claude-code-workflow/browser-orchestration.md,workflow,source-history
1641241f6318d3b4b1237efb68236504ada92c66,2026-05-04T12:27:13-04:00,A,pi/skills/claude-code-workflow/context-management.md,workflow,source-history
1641241f6318d3b4b1237efb68236504ada92c66,2026-05-04T12:27:13-04:00,A,pi/skills/claude-code-workflow/marketplace-manager.md,workflow,source-history
1641241f6318d3b4b1237efb68236504ada92c66,2026-05-04T12:27:13-04:00,A,pi/skills/claude-code-workflow/multi-agent-projects.md,workflow,source-history
1641241f6318d3b4b1237efb68236504ada92c66,2026-05-04T12:27:13-04:00,A,pi/skills/claude-code-workflow/multi-instance.md,workflow,source-history
1641241f6318d3b4b1237efb68236504ada92c66,2026-05-04T12:27:13-04:00,A,pi/skills/claude-code-workflow/ruleset-optimization.md,workflow,source-history
1641241f6318d3b4b1237efb68236504ada92c66,2026-05-04T12:27:13-04:00,A,pi/skills/code-review/SKILL.md,workflow,source-history
1641241f6318d3b4b1237efb68236504ada92c66,2026-05-04T12:27:13-04:00,A,pi/skills/git-workflow/SKILL.md,workflow,source-history
1641241f6318d3b4b1237efb68236504ada92c66,2026-05-04T12:27:13-04:00,A,pi/skills/git-workflow/assets/CODEOWNERS.template,workflow,source-history
1641241f6318d3b4b1237efb68236504ada92c66,2026-05-04T12:27:13-04:00,A,pi/skills/git-workflow/assets/CONTRIBUTING.md.template,workflow,source-history
1641241f6318d3b4b1237efb68236504ada92c66,2026-05-04T12:27:13-04:00,A,pi/skills/git-workflow/assets/SECURITY.md.template,workflow,source-history
1641241f6318d3b4b1237efb68236504ada92c66,2026-05-04T12:27:13-04:00,A,pi/skills/git-workflow/assets/bug_report.yml.template,workflow,source-history
1641241f6318d3b4b1237efb68236504ada92c66,2026-05-04T12:27:13-04:00,A,pi/skills/git-workflow/assets/copilot-instructions.md.template,workflow,source-history
1641241f6318d3b4b1237efb68236504ada92c66,2026-05-04T12:27:13-04:00,A,pi/skills/git-workflow/assets/pull_request_template.md.template,workflow,source-history
1641241f6318d3b4b1237efb68236504ada92c66,2026-05-04T12:27:13-04:00,A,pi/skills/git-workflow/github-setup.md,workflow,source-history
1641241f6318d3b4b1237efb68236504ada92c66,2026-05-04T12:27:13-04:00,A,pi/skills/git-workflow/gitlab.md,workflow,source-history
1641241f6318d3b4b1237efb68236504ada92c66,2026-05-04T12:27:13-04:00,A,pi/skills/git-workflow/worktrees.md,workflow,source-history
1641241f6318d3b4b1237efb68236504ada92c66,2026-05-04T12:27:13-04:00,A,pi/skills/planning/SKILL.md,workflow,source-history
1641241f6318d3b4b1237efb68236504ada92c66,2026-05-04T12:27:13-04:00,A,pi/skills/ux-design-workflow/1-prd-generator.md,workflow,source-history
1641241f6318d3b4b1237efb68236504ada92c66,2026-05-04T12:27:13-04:00,A,pi/skills/ux-design-workflow/2-prd-to-ux.md,workflow,source-history
1641241f6318d3b4b1237efb68236504ada92c66,2026-05-04T12:27:13-04:00,A,pi/skills/ux-design-workflow/3-ux-to-build-prompts.md,workflow,source-history
1641241f6318d3b4b1237efb68236504ada92c66,2026-05-04T12:27:13-04:00,A,pi/skills/ux-design-workflow/SKILL.md,workflow,source-history
1641241f6318d3b4b1237efb68236504ada92c66,2026-05-04T12:27:13-04:00,A,pi/skills/ux-design-workflow/aesthetics.md,workflow,source-history
1641241f6318d3b4b1237efb68236504ada92c66,2026-05-04T12:27:13-04:00,A,pi/skills/ux-design-workflow/pipeline.md,workflow,source-history
21d25d12b53a2c00bbf6931485a124e3e4e8965b,2026-05-03T21:44:14-04:00,M,pi/skills/workflow/do-it.md,workflow,source-history
21d25d12b53a2c00bbf6931485a124e3e4e8965b,2026-05-03T21:44:14-04:00,M,pi/skills/workflow/plan-it.md,workflow,source-history
21d25d12b53a2c00bbf6931485a124e3e4e8965b,2026-05-03T21:44:14-04:00,M,pi/skills/workflow/review-it.md,workflow,source-history
21d25d12b53a2c00bbf6931485a124e3e4e8965b,2026-05-03T21:44:14-04:00,A,pi/skills/workflow/templates/do-it-report-template.md,workflow,source-history
21d25d12b53a2c00bbf6931485a124e3e4e8965b,2026-05-03T21:44:14-04:00,A,pi/skills/workflow/templates/plan-template.md,workflow,source-history
21d25d12b53a2c00bbf6931485a124e3e4e8965b,2026-05-03T21:44:14-04:00,A,pi/skills/workflow/templates/review-it-reviewer-prompts.md,workflow,source-history
21d25d12b53a2c00bbf6931485a124e3e4e8965b,2026-05-03T21:44:14-04:00,A,pi/skills/workflow/templates/review-synthesis-template.md,workflow,source-history
f4ba3edf289b6bf9bfb5f3159f58efadd70fe0ba,2026-05-03T19:05:58-04:00,M,pi/skills/workflow/do-it.md,workflow,source-history
dd7db655f926a6e4fbcfb6ed925dce5ecfeb2fb6,2026-05-03T18:38:12-04:00,M,pi/skills/workflow/review-it.md,workflow,source-history
17493ec78ed7b00ad6a77d587bf495561579b6db,2026-05-03T17:59:20-04:00,M,pi/extensions/workflow-commands.ts,workflow,source-history
58e691be6f8afd54b8bc22fab3912ae3cf15568b,2026-05-03T16:11:44-04:00,M,claude/shared/review-it-instructions.md,workflow,source-history
58e691be6f8afd54b8bc22fab3912ae3cf15568b,2026-05-03T16:11:44-04:00,M,pi/skills/workflow/review-it.md,workflow,source-history
180b65d1a4764ead992b5ca7b918cc51b1f6d703,2026-05-03T02:58:09-04:00,D,pi/skills/workflow/commit-fast.md,workflow,source-history
180b65d1a4764ead992b5ca7b918cc51b1f6d703,2026-05-03T02:58:09-04:00,M,pi/skills/workflow/commit.md,workflow,source-history
4fbc6e64abf49c119ed86b447e5f3f6816ed557d,2026-05-03T02:55:43-04:00,M,claude/shared/do-it-instructions.md,workflow,source-history
3d5412e2ed4a01cc1e4c4ba2c8746c31bef6df0c,2026-05-03T02:14:27-04:00,M,pi/extensions/workflow-commands.ts,workflow,source-history
99b7202c882dac74c717931c1d9b7dbf25b5aae1,2026-05-03T01:14:48-04:00,M,pi/extensions/workflow-commands.ts,workflow,source-history
99b7202c882dac74c717931c1d9b7dbf25b5aae1,2026-05-03T01:14:48-04:00,M,pi/skills/workflow/review-it.md,workflow,source-history
931a6cd3dedbd380e8d0ac5987a926b98fd294d3,2026-05-03T00:14:42-04:00,M,pi/skills/workflow/review-it.md,workflow,source-history
90c4f2cad26cf16d3f3fde20a6e1940cbffa25e0,2026-05-02T21:54:49-04:00,M,claude/shared/do-it-instructions.md,workflow,source-history
90c4f2cad26cf16d3f3fde20a6e1940cbffa25e0,2026-05-02T21:54:49-04:00,M,claude/shared/plan-it-instructions.md,workflow,source-history
90c4f2cad26cf16d3f3fde20a6e1940cbffa25e0,2026-05-02T21:54:49-04:00,M,pi/skills/workflow/do-it.md,workflow,source-history
90c4f2cad26cf16d3f3fde20a6e1940cbffa25e0,2026-05-02T21:54:49-04:00,M,pi/skills/workflow/plan-it.md,workflow,source-history
90c4f2cad26cf16d3f3fde20a6e1940cbffa25e0,2026-05-02T21:54:49-04:00,M,pi/skills/workflow/review-it.md,workflow,source-history
75681f2ae5c129106a61598e0fad314c29d19291,2026-05-02T21:23:26-04:00,M,claude/shared/do-it-instructions.md,workflow,source-history
75681f2ae5c129106a61598e0fad314c29d19291,2026-05-02T21:23:26-04:00,M,pi/skills/workflow/do-it.md,workflow,source-history
267a50a57a802b28a14e90b228bef58a119a52a6,2026-05-02T18:48:14-04:00,M,pi/skills/workflow/do-it.md,workflow,source-history
267a50a57a802b28a14e90b228bef58a119a52a6,2026-05-02T18:48:14-04:00,M,pi/skills/workflow/plan-it.md,workflow,source-history
267a50a57a802b28a14e90b228bef58a119a52a6,2026-05-02T18:48:14-04:00,M,pi/skills/workflow/review-it.md,workflow,source-history
70932d3dd03943daea764c6e8380d05b7ce45bb3,2026-05-02T18:48:12-04:00,M,claude/shared/do-it-instructions.md,workflow,source-history
70932d3dd03943daea764c6e8380d05b7ce45bb3,2026-05-02T18:48:12-04:00,M,claude/shared/plan-it-instructions.md,workflow,source-history
70932d3dd03943daea764c6e8380d05b7ce45bb3,2026-05-02T18:48:12-04:00,M,claude/shared/plan-with-team-instructions.md,workflow,source-history
d3298bfc0304c113532cce81b10d375f08c12d2f,2026-05-02T16:19:57-04:00,M,pi/skills/workflow/do-it.md,workflow,source-history
d3298bfc0304c113532cce81b10d375f08c12d2f,2026-05-02T16:19:57-04:00,M,pi/skills/workflow/plan-it.md,workflow,source-history
d3298bfc0304c113532cce81b10d375f08c12d2f,2026-05-02T16:19:57-04:00,M,pi/skills/workflow/review-it.md,workflow,source-history
d3298bfc0304c113532cce81b10d375f08c12d2f,2026-05-02T16:19:57-04:00,A,pi/skills/workflow/yt.md,workflow,source-history
69336a62acf4a6ef8530be8cf61f30cf7ec8e2a9,2026-05-02T01:58:27-04:00,M,pi/extensions/workflow-commands.ts,workflow,source-history
f9625e2b933b6d171bf4bb757f4dba565c3056c5,2026-05-02T01:37:51-04:00,M,pi/skills/workflow/review-it.md,workflow,source-history
73fbcae8d124aae658857874c1c489f5376f070c,2026-05-02T01:37:49-04:00,M,pi/skills/workflow/yt-local.md,workflow,source-history
f8867eab5c746ea4616ae59369cf737cc3232853,2026-05-01T22:36:29-04:00,A,pi/skills/workflow/yt-local.md,workflow,source-history
23169b04d1675308d2c5053703ce3e01d52d2a74,2026-05-01T22:36:28-04:00,M,pi/skills/workflow/do-it.md,workflow,source-history
23169b04d1675308d2c5053703ce3e01d52d2a74,2026-05-01T22:36:28-04:00,M,pi/skills/workflow/plan-it.md,workflow,source-history
23169b04d1675308d2c5053703ce3e01d52d2a74,2026-05-01T22:36:28-04:00,M,pi/skills/workflow/review-it.md,workflow,source-history
4c92acbc00ac27b4811ade58bc5daac829478bdf,2026-04-30T13:23:37-04:00,M,pi/skills/workflow/plan-it.md,workflow,source-history
4c92acbc00ac27b4811ade58bc5daac829478bdf,2026-04-30T13:23:37-04:00,M,pi/skills/workflow/review-it.md,workflow,source-history
2a91ce666e24195b9eeda7601e1085d921eb53cf,2026-04-30T10:20:58-04:00,M,pi/extensions/workflow-commands.ts,workflow,source-history
2e2f147397b29b770dccdae2a0f73be463224c5c,2026-04-29T16:20:23-04:00,M,pi/skills/workflow/commit.md,workflow,source-history
b0ab6c5f9f7504e3b8dd79f19c58a71cd304fdff,2026-04-29T11:17:40-04:00,M,pi/skills/workflow/commit-fast.md,workflow,source-history
8ceb106c66af7d7ef701552d6fc321db9c7b35ad,2026-04-29T11:15:38-04:00,M,pi/skills/workflow/commit.md,workflow,source-history
69b879f6005f35967a824304215bb1bf4e7aeeb8,2026-04-29T11:15:12-04:00,A,pi/skills/workflow/commit-fast.md,workflow,source-history
1072af014695c0858ff41ced24eecf28c9ea4048,2026-04-29T00:08:00-04:00,M,pi/extensions/workflow-commands.ts,workflow,source-history
b1d5df5ee9290ef2e00ffd95bde6930bf26cf4f6,2026-04-25T19:18:58-04:00,M,pi/extensions/workflow-commands.ts,workflow,source-history
6271d0062745bfedf3893e63679474fae078e3c5,2026-04-25T12:42:54-04:00,M,pi/extensions/workflow-commands.ts,workflow,source-history
bf91616ed398d5560b4e7b360d05c5a02043c04f,2026-04-22T23:34:45-04:00,M,pi/extensions/workflow-commands.ts,workflow,source-history
31173ad1eadb8d0c73ff08eaf8882506dc8888dc,2026-04-21T14:17:54-04:00,M,pi/extensions/workflow-commands.ts,workflow,source-history
31173ad1eadb8d0c73ff08eaf8882506dc8888dc,2026-04-21T14:17:54-04:00,M,pi/skills/workflow/gitlab-ticket.md,workflow,source-history
b30f7bfe91409f070eee5c24299b60edc20836d7,2026-04-20T23:00:34-04:00,A,pi/skills/shared/analysis-workflow,workflow,source-history
b30f7bfe91409f070eee5c24299b60edc20836d7,2026-04-20T23:00:34-04:00,A,pi/skills/shared/claude-code-workflow,workflow,source-history
b30f7bfe91409f070eee5c24299b60edc20836d7,2026-04-20T23:00:34-04:00,A,pi/skills/shared/code-review,workflow,source-history
b30f7bfe91409f070eee5c24299b60edc20836d7,2026-04-20T23:00:34-04:00,A,pi/skills/shared/git-workflow,workflow,source-history
b30f7bfe91409f070eee5c24299b60edc20836d7,2026-04-20T23:00:34-04:00,A,pi/skills/shared/planning,workflow,source-history
b30f7bfe91409f070eee5c24299b60edc20836d7,2026-04-20T23:00:34-04:00,A,pi/skills/shared/ux-design-workflow,workflow,source-history
fc391a908fdc062c243bd924acd7f54811c55aa8,2026-04-17T23:51:50-04:00,M,pi/skills/workflow/do-it.md,workflow,source-history
fc391a908fdc062c243bd924acd7f54811c55aa8,2026-04-17T23:51:50-04:00,M,pi/skills/workflow/plan-it.md,workflow,source-history
971eca0fa9b01cfa2cb37a4c706a330a6108a297,2026-04-17T23:25:17-04:00,M,pi/skills/workflow/review-it.md,workflow,source-history
37637c66d549d812c7f32585b9063363f7ea256e,2026-04-17T23:25:16-04:00,M,pi/extensions/workflow-commands.ts,workflow,source-history
37637c66d549d812c7f32585b9063363f7ea256e,2026-04-17T23:25:16-04:00,M,pi/skills/workflow/commit.md,workflow,source-history
3b4c84ab629ccf300ee3f82fca23a7c0234115a4,2026-04-17T23:25:15-04:00,M,pi/skills/workflow/do-it.md,workflow,source-history
3b4c84ab629ccf300ee3f82fca23a7c0234115a4,2026-04-17T23:25:15-04:00,M,pi/skills/workflow/plan-it.md,workflow,source-history
3b4c84ab629ccf300ee3f82fca23a7c0234115a4,2026-04-17T23:25:15-04:00,M,pi/skills/workflow/research.md,workflow,source-history
0c9b1302099e4f5d82b3fd39b86c94958f98cac6,2026-04-17T22:10:34-04:00,M,pi/extensions/workflow-commands.ts,workflow,source-history
bd047ea79624c49c28b21119261148f14fb54fdf,2026-04-17T22:08:40-04:00,M,pi/extensions/workflow-commands.ts,workflow,source-history
3ef18d220c03b1ab22ec7309f1dbcecf99bf5bfd,2026-04-17T22:06:54-04:00,M,pi/extensions/workflow-commands.ts,workflow,source-history
2267d914a9a09c4ac4585c267fdf7ee881237881,2026-04-17T22:05:36-04:00,M,pi/extensions/workflow-commands.ts,workflow,source-history
5714c66cd12c5b8c4400adf5e7a5e74e10f19b92,2026-04-17T22:03:59-04:00,M,pi/extensions/workflow-commands.ts,workflow,source-history
cf01ddf841054eaebd8ac83a48c637b859831956,2026-04-17T22:02:44-04:00,M,pi/extensions/workflow-commands.ts,workflow,source-history
770a93f6e5f17ffe22151706cba37e864463b4fe,2026-04-17T22:01:02-04:00,M,pi/extensions/workflow-commands.ts,workflow,source-history
411cae8fc393a768dca49d65be8b6980d72feae9,2026-04-17T21:57:24-04:00,M,pi/extensions/workflow-commands.ts,workflow,source-history
eaa6fa1b52404a20f765972ed7785be1dee68da3,2026-04-17T21:50:19-04:00,M,pi/extensions/workflow-commands.ts,workflow,source-history
1fa954f1c14be1c941b9baf76bcdfd0bbf07db8f,2026-04-17T21:46:21-04:00,M,pi/extensions/workflow-commands.ts,workflow,source-history
4e94e0897cc86e532a3ce4879c9915ae629cf647,2026-04-17T21:32:44-04:00,M,pi/extensions/workflow-commands.ts,workflow,source-history
5e93b77ae214e3c1a93aeac68ef30f86ecd26a02,2026-04-17T21:03:16-04:00,M,pi/extensions/workflow-commands.ts,workflow,source-history
c26085156da0ab6ecfe4a786c152bad7dd3ed40b,2026-04-17T20:45:48-04:00,M,pi/extensions/workflow-commands.ts,workflow,source-history
850d3f758867bf1c028b3c52fb5b3ee886f102af,2026-04-17T20:42:50-04:00,M,pi/extensions/workflow-commands.ts,workflow,source-history
b3027417635958d311c9a723f936db4e0bb34f9e,2026-04-17T20:14:13-04:00,M,pi/extensions/workflow-commands.ts,workflow,source-history
db8b6e57213ceee1942738f67fdd4a442186048d,2026-04-17T20:02:52-04:00,M,pi/extensions/workflow-commands.ts,workflow,source-history
b0f1269302985f8b8a2146827b5df0bc00e05153,2026-04-17T01:24:01-04:00,M,pi/extensions/workflow-commands.ts,workflow,source-history
29faff67090431f190da693e1ba3fa890276c446,2026-04-17T01:09:18-04:00,M,pi/extensions/workflow-commands.ts,workflow,source-history
8cfd23d37f5b888339d97d23735bd2c3b7a1e821,2026-04-16T20:24:35-04:00,M,claude/shared/do-it-instructions.md,workflow,source-history
8cfd23d37f5b888339d97d23735bd2c3b7a1e821,2026-04-16T20:24:35-04:00,M,claude/shared/review-it-instructions.md,workflow,source-history
8cfd23d37f5b888339d97d23735bd2c3b7a1e821,2026-04-16T20:24:35-04:00,M,pi/skills/workflow/do-it.md,workflow,source-history
8cfd23d37f5b888339d97d23735bd2c3b7a1e821,2026-04-16T20:24:35-04:00,M,pi/skills/workflow/review-it.md,workflow,source-history
5a12f5cd91c1a49766604e698b30d42d6bd2498e,2026-04-10T16:49:49-04:00,M,pi/extensions/workflow-commands.ts,workflow,source-history
5a12f5cd91c1a49766604e698b30d42d6bd2498e,2026-04-10T16:49:49-04:00,A,pi/skills/workflow/gitlab-ticket.md,workflow,source-history
456bc5c67282e15ca1944cdcdd8e2f4ab5786ee3,2026-04-08T22:10:06-04:00,M,claude/shared/plan-it-instructions.md,workflow,source-history
456bc5c67282e15ca1944cdcdd8e2f4ab5786ee3,2026-04-08T22:10:06-04:00,M,claude/shared/review-it-instructions.md,workflow,source-history
b771397d9d1d71409e4f3dbcb30cc1237e497849,2026-04-06T23:58:47-04:00,M,claude/commands/do-it.md,workflow,source-history
b771397d9d1d71409e4f3dbcb30cc1237e497849,2026-04-06T23:58:47-04:00,M,claude/commands/review-it.md,workflow,source-history
b771397d9d1d71409e4f3dbcb30cc1237e497849,2026-04-06T23:58:47-04:00,M,claude/shared/do-it-instructions.md,workflow,source-history
b771397d9d1d71409e4f3dbcb30cc1237e497849,2026-04-06T23:58:47-04:00,M,claude/shared/plan-it-instructions.md,workflow,source-history
b771397d9d1d71409e4f3dbcb30cc1237e497849,2026-04-06T23:58:47-04:00,M,claude/shared/review-it-instructions.md,workflow,source-history
b771397d9d1d71409e4f3dbcb30cc1237e497849,2026-04-06T23:58:47-04:00,M,pi/extensions/workflow-commands.ts,workflow,source-history
b771397d9d1d71409e4f3dbcb30cc1237e497849,2026-04-06T23:58:47-04:00,M,pi/skills/workflow/do-it.md,workflow,source-history
9e9f8ff07e5ea45576dc46b900d4fd32d964f12b,2026-04-06T23:47:21-04:00,R100,claude/commands/do-this.md	claude/commands/do-it.md,workflow,source-history
9e9f8ff07e5ea45576dc46b900d4fd32d964f12b,2026-04-06T23:47:21-04:00,R100,claude/commands/review-plan.md	claude/commands/review-it.md,workflow,source-history
9e9f8ff07e5ea45576dc46b900d4fd32d964f12b,2026-04-06T23:47:21-04:00,R100,claude/shared/do-this-instructions.md	claude/shared/do-it-instructions.md,workflow,source-history
9e9f8ff07e5ea45576dc46b900d4fd32d964f12b,2026-04-06T23:47:21-04:00,R100,claude/shared/review-plan-instructions.md	claude/shared/review-it-instructions.md,workflow,source-history
9e9f8ff07e5ea45576dc46b900d4fd32d964f12b,2026-04-06T23:47:21-04:00,R100,pi/skills/workflow/do-this.md	pi/skills/workflow/do-it.md,workflow,source-history
9e9f8ff07e5ea45576dc46b900d4fd32d964f12b,2026-04-06T23:47:21-04:00,R100,pi/skills/workflow/review-plan.md	pi/skills/workflow/review-it.md,workflow,source-history
ef0ec175782a4e20b984f19ee12368aa0fd0c4ee,2026-03-30T21:31:36-04:00,A,pi/extensions/workflow-commands.ts,workflow,source-history
ef0ec175782a4e20b984f19ee12368aa0fd0c4ee,2026-03-30T21:31:36-04:00,A,pi/skills/workflow/commit.md,workflow,source-history
ef0ec175782a4e20b984f19ee12368aa0fd0c4ee,2026-03-30T21:31:36-04:00,A,pi/skills/workflow/do-this.md,workflow,source-history
ef0ec175782a4e20b984f19ee12368aa0fd0c4ee,2026-03-30T21:31:36-04:00,A,pi/skills/workflow/plan-it.md,workflow,source-history
ef0ec175782a4e20b984f19ee12368aa0fd0c4ee,2026-03-30T21:31:36-04:00,A,pi/skills/workflow/research.md,workflow,source-history
ef0ec175782a4e20b984f19ee12368aa0fd0c4ee,2026-03-30T21:31:36-04:00,A,pi/skills/workflow/review-plan.md,workflow,source-history
3223f89c81fc154375bbc9963b86c529f8b7345f,2026-03-27T11:01:17-04:00,A,claude/commands/plan-it.md,workflow,source-history
3223f89c81fc154375bbc9963b86c529f8b7345f,2026-03-27T11:01:17-04:00,A,claude/shared/plan-it-instructions.md,workflow,source-history
ce6ec5da77b048b75ac2441ed8fd9ac437c262dd,2026-02-27T10:31:57-05:00,M,claude/shared/plan-with-team-instructions.md,workflow,source-history
0ba9f8bd50fbe320c1ac0be83ff087418bcef658,2026-02-27T10:04:58-05:00,A,claude/shared/review-plan-instructions.md,workflow,source-history
53a02cf3947745d3d118eaf886667f12fdb657d6,2026-02-27T09:22:06-05:00,M,claude/shared/plan-with-team-instructions.md,workflow,source-history
0619f295e06e09c0f1c639394d498c02030cd68a,2026-02-27T09:06:00-05:00,M,claude/shared/plan-with-team-instructions.md,workflow,source-history
ab4d1abdde92528ba7a7623cacffdf02f450bd12,2026-02-25T19:32:49-05:00,M,claude/shared/plan-with-team-instructions.md,workflow,source-history
c4a004b0d891767d3058675051233f50f05915df,2026-02-25T19:32:30-05:00,A,claude/commands/review-plan.md,workflow,source-history
c177f60c9a80538827920f60a7ef77bd100d8f31,2026-02-20T15:33:05-05:00,M,claude/shared/review-instructions.md,workflow,source-history
32275d5216fac6b776a66087fe70abf3a669e67d,2026-02-18T23:03:28-05:00,R097,claude/commands/review.md	claude/shared/review-instructions.md,workflow,source-history
00af77b09dcbded86cf52b531bf55bcd3ea0c687,2026-02-18T22:57:04-05:00,A,claude/commands/review.md,workflow,source-history
9ec8fc1bd8af03d3c7c917ba2a9949fbd19b8ccc,2026-02-17T20:50:37-05:00,M,claude/commands/plan-with-team.md,workflow,source-history
f5604ca2e3abcd366e9870643f6af7dcfe6f5c36,2026-02-15T13:18:13-05:00,M,claude/shared/plan-with-team-instructions.md,workflow,source-history
124ca8453c48957e416d8c4ca5786364495b1d10,2026-02-15T12:48:27-05:00,M,claude/commands/plan-with-team.md,workflow,source-history
124ca8453c48957e416d8c4ca5786364495b1d10,2026-02-15T12:48:27-05:00,A,claude/shared/plan-with-team-instructions.md,workflow,source-history
6e25b553b585d0891f390562f8cccf4838702b90,2026-02-11T16:47:30-05:00,M,claude/commands/plan-with-team.md,workflow,source-history
1caa38a563d4966e7ccfbdac725a8fb353a1d522,2026-02-11T09:26:46-05:00,M,claude/commands/plan-with-team.md,workflow,source-history
bc51da9ef03850cbc5d5149b323aad5f46121485,2026-02-10T11:32:57-05:00,M,claude/commands/plan-with-team.md,workflow,source-history
ae19ad0d7585defbbccc18931cd1b08c11f7a3a8,2026-02-09T21:30:57-05:00,A,claude/commands/plan-with-team.md,workflow,source-history
